<?xml version="1.0" encoding="utf-8" ?>
<dwsync>
<file name="1_AlbumImg10.jpg" server="C:/wamp/www/_sristiForumFinal/" local="130839224340000000" remote="130839224340000000" Dst="0" />
<file name="2_AlbumImg10.jpg" server="C:/wamp/www/_sristiForumFinal/" local="130847056900000000" remote="130847056900000000" Dst="0" />
<file name="2_AlbumImg11.jpg" server="C:/wamp/www/_sristiForumFinal/" local="130847058440000000" remote="130847058440000000" Dst="0" />
<file name="2_AlbumImg12.jpg" server="C:/wamp/www/_sristiForumFinal/" local="130847059320000000" remote="130847059320000000" Dst="0" />
<file name="2_AlbumImg13.jpg" server="C:/wamp/www/_sristiForumFinal/" local="130847059540000000" remote="130847059540000000" Dst="0" />
<file name="2_AlbumImg14.jpg" server="C:/wamp/www/_sristiForumFinal/" local="130847059940000000" remote="130847059940000000" Dst="0" />
<file name="2_AlbumImg15.jpg" server="C:/wamp/www/_sristiForumFinal/" local="130847060640000000" remote="130847060640000000" Dst="0" />
<file name="2_AlbumImg16.jpg" server="C:/wamp/www/_sristiForumFinal/" local="130847089780000000" remote="130847089780000000" Dst="0" />
<file name="2_AlbumNm.jpg" server="C:/wamp/www/_sristiForumFinal/" local="130847056200000000" remote="130847056200000000" Dst="0" />
<file name="3_AlbumImg17.jpg" server="C:/wamp/www/_sristiForumFinal/" local="130847236140000000" remote="130847236140000000" Dst="0" />
<file name="3_AlbumImg18.jpg" server="C:/wamp/www/_sristiForumFinal/" local="130847236660000000" remote="130847236660000000" Dst="0" />
<file name="3_AlbumNm.jpg" server="C:/wamp/www/_sristiForumFinal/" local="130847091200000000" remote="130847091200000000" Dst="0" />
</dwsync>